<?xml version="1.0" standalone="yes"?>
<Accounts>
  <Account>
    <Email>ToxaHD@gmail.com</Email>
    <Tags>Paid ios Course Udemy ipad iphone ipod</Tags>
  </Account>
  <Account>
    <Email>56e2794e@opayq.com</Email>
    <Tags>iTunes 5ml Factory</Tags>
  </Account>
  <Account>
    <Email>8f659d3b@opayq.com</Email>
    <Tags>Fast Shipping AU</Tags>
  </Account>
  <Account>
    <Email>a0563594@opayq.com</Email>
    <Tags>Tiger AU Factory</Tags>
  </Account>
  <Account />
</Accounts>